構面資料夾,檔名,書目,DOI,連結
"1_食品紀念品特性(表3-2)/產品吸引力","Kim2009.pdf","Kim, Y. G., Eves, A., & Scarles, C. (2009). Building a model of local food consumption on trips and holidays: A grounded theory approach. International Journal of Hospitality Management, 28, 423–431.","10.1016/j.ijhm.2009.01.001","https://doi.org/10.1016/j.ijhm.2009.01.001"
"1_食品紀念品特性(表3-2)/產品吸引力","Lertputtarak2012.pdf","Lertputtarak, S. (2012). The relationship between destination image, food image, and revisit intention: A case study of suan sunandha, Thailand.","","https://scholar.google.com/scholar?q=Lertputtarak%2C%20S.%20%282012%29.%20The%20relationship%20between%20destination%20image%2C%20food%20image%2C%20and%20revisit%20intention%3A%20A%20case%20study%20of%20suan%20sunandha%2C%20Thailand."
"1_食品紀念品特性(表3-2)/產品吸引力","Kivela2006.pdf","Kivela, J., & Crotts, J. C. (2006). Tourism and gastronomy: Gastronomy's influence on how tourists experience a destination. Journal of Hospitality & Tourism Research, 30(3), 354–377.","10.1177/1096348006286797","https://doi.org/10.1177/1096348006286797"
"1_食品紀念品特性(表3-2)/地方特色_文化故事","Sims2009.pdf","Sims, R. (2009). Food, place and authenticity: Local food and the sustainable tourism experience. Journal of Sustainable Tourism, 17(3), 321–336.","10.1080/09669580802359293","https://doi.org/10.1080/09669580802359293"
"1_食品紀念品特性(表3-2)/地方特色_文化故事","Everett2008.pdf","Everett, S., & Aitchison, C. (2008). The role of food tourism in sustaining regional identity: A case study of Cornwall, South West England. Journal of Sustainable Tourism, 16(2), 150–167.","10.2167/jost696.0","https://doi.org/10.2167/jost696.0"
"1_食品紀念品特性(表3-2)/地方特色_文化故事","Kolar2010.pdf","Kolar, T., & Žabkar, V. (2010). A consumer-based model of authenticity: An oxymoron or the foundation of cultural heritage marketing? Tourism Management, 31(5), 652–664.","10.1016/j.tourman.2009.07.010","https://doi.org/10.1016/j.tourman.2009.07.010"
"1_食品紀念品特性(表3-2)/品牌形象","Keller1993.pdf","Keller, K. L. (1993). Conceptualizing, measuring, and managing customer-based brand equity. Journal of Marketing, 57(1), 1–22.","10.1177/002224299305700101","https://doi.org/10.1177/002224299305700101"
"1_食品紀念品特性(表3-2)/品牌形象","Low2000.pdf","Low, G. S., & Lamb, C. W. (2000). The measurement and dimensionality of brand associations. Journal of Product & Brand Management, 9(6), 350–370.","10.1108/10610420010356966","https://doi.org/10.1108/10610420010356966"
"1_食品紀念品特性(表3-2)/品牌形象","Chaudhuri2001.pdf","Chaudhuri, A., & Holbrook, M. B. (2001). The chain of effects from brand trust and brand affect to brand performance: The role of brand loyalty. Journal of Marketing, 65(2), 81–93.","","https://scholar.google.com/scholar?q=Chaudhuri%2C%20A.%2C%20%26%20Holbrook%2C%20M.%20B.%20%282001%29.%20The%20chain%20of%20effects%20from%20brand%20trust%20and%20brand%20affect%20to%20brand%20performance%3A%20The%20role%20of%20brand%20loyalty.%20Journ"
"1_食品紀念品特性(表3-2)/數位資訊可得性","Buhalis2008.pdf","Buhalis, D., & Law, R. (2008). Progress in information technology and tourism management: 20 years on and 10 years after the Internet—The state of eTourism research. Tourism Management, 29(4), 609–623.","10.1016/j.tourman.2008.01.005","https://doi.org/10.1016/j.tourman.2008.01.005"
"1_食品紀念品特性(表3-2)/數位資訊可得性","Xiang2015.pdf","Xiang, Z., Magnini, V. P., & Fesenmaier, D. R. (2015). Information technology and consumer behavior in travel and tourism: Insights from travel planning using the internet. Journal of Retailing and Consumer Services, 22, 244–249.","","https://scholar.google.com/scholar?q=Xiang%2C%20Z.%2C%20Magnini%2C%20V.%20P.%2C%20%26%20Fesenmaier%2C%20D.%20R.%20%282015%29.%20Information%20technology%20and%20consumer%20behavior%20in%20travel%20and%20tourism%3A%20Insights%20from%20travel%20planni"
"1_食品紀念品特性(表3-2)/線上購買便利性","Berry2002.pdf","Berry, L. L., Seiders, K., & Grewal, D. (2002). Understanding service convenience. Journal of Marketing, 66(3), 1–17.","10.1509/jmkg.66.3.1.18505","https://doi.org/10.1509/jmkg.66.3.1.18505"
"1_食品紀念品特性(表3-2)/線上購買便利性","Jiang2013.pdf","Jiang, L., Yang, Z., & Jun, M. (2013). Measuring consumer perceptions of online shopping convenience. Journal of Service Management, 24(2), 191–214.","","https://scholar.google.com/scholar?q=Jiang%2C%20L.%2C%20Yang%2C%20Z.%2C%20%26%20Jun%2C%20M.%20%282013%29.%20Measuring%20consumer%20perceptions%20of%20online%20shopping%20convenience.%20Journal%20of%20Service%20Management%2C%2024%282%29%2C%20191%E2%80%93214."
"2_真實性感知(表3-3)","Wang1999.pdf","Wang, N. (1999). Rethinking authenticity in tourism experience. Annals of Tourism Research, 26(2), 349–370.","10.1016/S0160-7383(98)00103-0","https://doi.org/10.1016/S0160-7383(98)00103-0"
"2_真實性感知(表3-3)","Littrell1993.pdf","Littrell, M. A., Anderson, L. F., & Brown, P. J. (1993). What makes a craft souvenir authentic? Annals of Tourism Research, 20(1), 197–215.","10.1016/0160-7383(93)90118-M","https://doi.org/10.1016/0160-7383(93)90118-M"
"2_真實性感知(表3-3)","Kolar2010_見1_地方特色.pdf","Kolar, T., & Žabkar, V. (2010). 同上（已收於「1_食品紀念品特性/地方特色_文化故事」）。","10.1016/j.tourman.2009.07.010","https://doi.org/10.1016/j.tourman.2009.07.010"
"3_地方興趣(表3-4)","Crompton1979.pdf","Crompton, J. L. (1979). Motivations for pleasure vacation. Annals of Tourism Research, 6(4), 408–424.","10.1016/0160-7383(79)90004-5","https://doi.org/10.1016/0160-7383(79)90004-5"
"3_地方興趣(表3-4)","Prayag2012.pdf","Prayag, G., & Ryan, C. (2012). Antecedents of tourists' loyalty to Mauritius: The role and influence of destination image, place attachment, personal involvement, and satisfaction. Journal of Travel Research, 51(3), 342–356.","10.1177/0047287511410321","https://doi.org/10.1177/0047287511410321"
"3_地方興趣(表3-4)","IsoAhola1982.pdf","Iso-Ahola, S. E. (1982). Toward a social psychological theory of tourism motivation: A rejoinder. Annals of Tourism Research, 9(2), 256–262.","","https://scholar.google.com/scholar?q=Iso-Ahola%2C%20S.%20E.%20%281982%29.%20Toward%20a%20social%20psychological%20theory%20of%20tourism%20motivation%3A%20A%20rejoinder.%20Annals%20of%20Tourism%20Research%2C%209%282%29%2C%20256%E2%80%93262."
"4_地方依附(表3-5)","Williams2003.pdf","Williams, D. R., & Vaske, J. J. (2003). The measurement of place attachment: Validity and generalizability of a psychometric approach. Forest Science, 49(6), 830–840.","","https://scholar.google.com/scholar?q=Williams%2C%20D.%20R.%2C%20%26%20Vaske%2C%20J.%20J.%20%282003%29.%20The%20measurement%20of%20place%20attachment%3A%20Validity%20and%20generalizability%20of%20a%20psychometric%20approach.%20Forest%20Science%2C"
"4_地方依附(表3-5)","Kyle2005.pdf","Kyle, G., Graefe, A., & Manning, R. (2005). Testing the dimensionality of place attachment in recreational settings. Environment and Behavior, 37(2), 153–177.","10.1177/0013916504269654","https://doi.org/10.1177/0013916504269654"
"5_後續行為意圖(表3-6)","Zeithaml1996.pdf","Zeithaml, V. A., Berry, L. L., & Parasuraman, A. (1996). The behavioral consequences of service quality. Journal of Marketing, 60(2), 31–46.","10.1177/002224299606000203","https://doi.org/10.1177/002224299606000203"
"5_後續行為意圖(表3-6)","Chen2007.pdf","Chen, C. F., & Tsai, D. (2007). How destination image and evaluative factors affect behavioral intentions? Tourism Management, 28(4), 1115–1122.","10.1016/j.tourman.2006.07.007","https://doi.org/10.1016/j.tourman.2006.07.007"
"5_後續行為意圖(表3-6)","Bigne2001.pdf","Bigné, J. E., Sánchez, M. I., & Sánchez, J. (2001). Tourism image, evaluation variables and after purchase behaviour: Inter-relationship. Tourism Management, 22(6), 607–616.","10.1016/S0261-5177(01)00035-8","https://doi.org/10.1016/S0261-5177(01)00035-8"
"5_後續行為意圖(表3-6)","Bhattacherjee2001.pdf","Bhattacherjee, A. (2001). Understanding information systems continuance: An expectation-confirmation model. MIS Quarterly, 25(3), 351–370.","10.2307/3250921","https://doi.org/10.2307/3250921"
"5_後續行為意圖(表3-6)","Yoon2005.pdf","Yoon, Y., & Uysal, M. (2005). An examination of the effects of motivation and satisfaction on destination loyalty: A structural model. Tourism Management, 26(1), 45–56.","10.1016/j.tourman.2003.08.016","https://doi.org/10.1016/j.tourman.2003.08.016"
"6_線上購買替代知覺(表3-7)","Alba1997.pdf","Alba, J., Lynch, J., Weitz, B., Janiszewski, C., Lutz, R., Sawyer, A., & Wood, S. (1997). Interactive home shopping: Consumer, retailer, and manufacturer incentives to participate in electronic marketplaces. Journal of Marketing, 61(3), 38–53.","10.1177/002224299706100303","https://doi.org/10.1177/002224299706100303"
"6_線上購買替代知覺(表3-7)","Wang2013.pdf","Wang, Q., Song, P., & Yang, X. (2013). Understanding the substitution effect between online and traditional channels: Evidence from product attributes perspective. Electronic Markets, 23(3), 227–239.","10.1007/s12525-012-0114-2","https://doi.org/10.1007/s12525-012-0114-2"
"6_線上購買替代知覺(表3-7)","Verhoef2015.pdf","Verhoef, P. C., Kannan, P. K., & Inman, J. J. (2015). From multi-channel retailing to omni-channel retailing: Introduction to the special issue on multi-channel retailing. Journal of Retailing, 91(2), 174–181.","10.1016/j.jretai.2015.02.005","https://doi.org/10.1016/j.jretai.2015.02.005"
"7_抽樣設計","DeNisco2015.pdf","De Nisco, A., Mainolfi, G., Marino, V., & Napolitano, M. R. (2015). Tourism satisfaction effect on general country image, destination image, and post-visit intentions. Journal of Vacation Marketing, 21(4), 305–317.","","https://scholar.google.com/scholar?q=De%20Nisco%2C%20A.%2C%20Mainolfi%2C%20G.%2C%20Marino%2C%20V.%2C%20%26%20Napolitano%2C%20M.%20R.%20%282015%29.%20Tourism%20satisfaction%20effect%20on%20general%20country%20image%2C%20destination%20image%2C%20and%20post-"
"7_抽樣設計","Cunha2021.pdf","Cunha, C., Kastenholz, E., & Lane, B. (2021). Delivering a high-quality on-site survey in tourism research. Sustainability, 13(21), 12251.","","https://scholar.google.com/scholar?q=Cunha%2C%20C.%2C%20Kastenholz%2C%20E.%2C%20%26%20Lane%2C%20B.%20%282021%29.%20Delivering%20a%20high-quality%20on-site%20survey%20in%20tourism%20research.%20Sustainability%2C%2013%2821%29%2C%2012251."
"7_抽樣設計","Kalton1983_書籍.pdf","Kalton, G. (1983). Introduction to Survey Sampling. Sage Publications.（書籍，需圖書館借閱）","","https://scholar.google.com/scholar?q=Kalton%2C%20G.%20%281983%29.%20Introduction%20to%20Survey%20Sampling.%20Sage%20Publications.%EF%BC%88%E6%9B%B8%E7%B1%8D%EF%BC%8C%E9%9C%80%E5%9C%96%E6%9B%B8%E9%A4%A8%E5%80%9F%E9%96%B1%EF%BC%89"
"7_抽樣設計","AAPOR2016.pdf","American Association for Public Opinion Research (AAPOR). (2016). Standard Definitions: Final Dispositions of Case Codes and Outcome Rates for Surveys (9th ed.).（官方 PDF）","","https://scholar.google.com/scholar?q=American%20Association%20for%20Public%20Opinion%20Research%20%28AAPOR%29.%20%282016%29.%20Standard%20Definitions%3A%20Final%20Dispositions%20of%20Case%20Codes%20and%20Outcome%20Rates%20for%20Surveys"
"7_抽樣設計","Nunnally1978_書籍.pdf","Nunnally, J. C. (1978). Psychometric Theory (2nd ed.). McGraw-Hill.（書籍，需圖書館借閱）","","https://scholar.google.com/scholar?q=Nunnally%2C%20J.%20C.%20%281978%29.%20Psychometric%20Theory%20%282nd%20ed.%29.%20McGraw-Hill.%EF%BC%88%E6%9B%B8%E7%B1%8D%EF%BC%8C%E9%9C%80%E5%9C%96%E6%9B%B8%E9%A4%A8%E5%80%9F%E9%96%B1%EF%BC%89"
